site	site_score	site_logit_mean	site_logit_var	EII_z	EII_01	identifiable_bool	identifiability_extent
1	0.999859094619751	8.873053550720215	0.01071749534457922	0.0	0.5	False	weak_or_ambiguous
2	0.9999479055404663	9.865659713745117	0.010717430151998997	0.0	0.5	False	weak_or_ambiguous
3	0.9999822378158569	11.13216781616211	0.6859130859375	0.0	0.5	False	weak_or_ambiguous
4	0.999992847442627	11.850872039794922	0.010717364959418774	0.0	0.5	False	weak_or_ambiguous
5	0.999992847442627	11.850872993469238	0.01071749534457922	0.0	0.5	False	weak_or_ambiguous
6	0.999992847442627	11.850872993469238	0.01071749534457922	0.0	0.5	False	weak_or_ambiguous
7	0.9999924898147583	11.81174373626709	0.0	0.0	0.5	False	weak_or_ambiguous
8	0.9999924898147583	11.81174373626709	0.0	0.0	0.5	False	weak_or_ambiguous
9	0.999992847442627	11.850872039794922	0.010717364959418774	0.0	0.5	False	weak_or_ambiguous
10	0.999992847442627	11.850872039794922	0.010717364959418774	0.0	0.5	False	weak_or_ambiguous
11	0.999992847442627	11.850872039794922	0.010717364959418774	0.0	0.5	False	weak_or_ambiguous
12	0.9999934434890747	12.124773025512695	0.6859139800071716	0.0	0.5	False	weak_or_ambiguous
13	0.999992847442627	11.850872039794922	0.010717430151998997	0.0	0.5	False	weak_or_ambiguous
14	0.999992847442627	11.850872039794922	0.01071749534457922	0.0	0.5	False	weak_or_ambiguous
15	0.9999932050704956	11.890000343322754	0.018372736871242523	0.0	0.5	False	weak_or_ambiguous
16	0.999992847442627	11.850872039794922	0.010717364959418774	0.0	0.5	False	weak_or_ambiguous
17	0.999992847442627	11.850872039794922	0.010717364959418774	0.0	0.5	False	weak_or_ambiguous
18	0.9999934434890747	12.124773025512695	0.6859139800071716	0.0	0.5	False	weak_or_ambiguous
19	0.999992847442627	11.850872039794922	0.010717364959418774	0.0	0.5	False	weak_or_ambiguous
20	0.999993085861206	11.890000343322754	0.018372736871242523	0.0	0.5	False	weak_or_ambiguous
21	0.999993085861206	11.890000343322754	0.018372736871242523	0.0	0.5	False	weak_or_ambiguous
22	0.999992847442627	11.850871086120605	0.010717364959418774	0.0	0.5	False	weak_or_ambiguous
23	0.9999934434890747	12.124772071838379	0.6859139800071716	0.0	0.5	False	weak_or_ambiguous
24	0.999992847442627	11.850871086120605	0.010717364959418774	0.0	0.5	False	weak_or_ambiguous
25	0.999992847442627	11.850871086120605	0.01071749534457922	0.0	0.5	False	weak_or_ambiguous
26	0.999992847442627	11.850871086120605	0.01071749534457922	0.0	0.5	False	weak_or_ambiguous
27	0.9999926090240479	11.811742782592773	0.0	0.0	0.5	False	weak_or_ambiguous
28	0.9999799728393555	10.819138526916504	0.0	0.0	0.5	False	weak_or_ambiguous
29	0.9999459981918335	9.826531410217285	0.0	0.0	0.5	False	weak_or_ambiguous
30	0.999854326248169	8.833925247192383	0.0	0.0	0.5	False	weak_or_ambiguous
